ISIN,minDate,maxDate,priceMinDate,priceMaxDate,profitability
100974271034,2018-01-02,2022-11-29,3.33,4.165,0.2507507507507507
BE0974271034,2018-01-02,2022-11-29,3.345,4.14,0.2376681614349774
BE0974293251,2018-01-02,2022-11-29,93.26,56.2,-0.3973836585888913
BE0974303357,2018-01-02,2022-11-29,1.262,3.265,1.58716323296355
CH0106027144,2020-07-14,2022-01-27,53.07,51.51,-0.0293951384963256
CH0198251305,2018-01-02,2022-11-29,27.13,23.24,-0.1433837080722447
CY0109232112,2020-09-29,2022-11-29,0.0811,0.0934,0.1516646115906287
CY0109561015,2021-08-12,2022-11-29,0.0412,0.0398,-0.0339805825242718
CY0109610614,2022-01-27,2022-11-29,0.28,0.37,0.3214285714285713
CY0200222111,2022-10-31,2022-11-29,0.0819,0.1219,0.4884004884004883
CY0200252118,2022-10-31,2022-11-29,0.1634,0.2562,0.5679314565483476
DE0001102325,2018-11-16,2022-11-29,110.875,100.04496,-0.0976779255918827
DE0001102457,2019-01-17,2022-11-29,100.563,91.363582,-0.0914791523721449
DE0001135275,2018-11-16,2019-08-27,154.8274,181.1671,0.1701229885666231
DE0001141703,2018-01-01,2018-12-27,101.653,100.7321,-0.0090592505877839
DE0002635307,2018-01-02,2022-11-29,38.0,43.385,0.1417105263157894
DE0005552004,2018-01-02,2022-11-29,39.539,37.85,-0.0427173170793393
DE0005557508,2018-01-02,2022-11-29,14.872,19.506,0.3115922538999462
DE0005933931,2018-01-02,2022-11-29,111.4,121.48,0.0904847396768401
DE0005933949,2018-01-02,2022-01-13,30.82,37.47,0.2157689811810512
DE0005933956,2018-01-02,2022-11-29,34.7,39.66,0.1429394812680113
DE0006047004,2018-01-02,2022-11-29,90.011,52.68,-0.4147381986646076
DE0006599905,2018-01-02,2022-11-29,89.803,171.95,0.9147467233834058
DE0007100000,2018-01-02,2022-11-29,70.603,62.61,-0.1132104868065095
DE0007164600,2018-01-02,2022-11-29,93.038,103.22,0.1094391538941078
DE0008404005,2018-01-02,2022-11-29,192.959,205.55,0.0652522038360481
DE000A0DEN75,2018-11-16,2022-11-29,79.7276,72.790774,-0.0870065824131166
DE000A0H0728,2018-01-02,2022-11-29,18.21,28.192,0.5481603514552443
DE000A0H08Q4,2018-10-09,2022-11-29,43.285,59.31,0.3702206307034771
DE000A0H08R2,2018-01-02,2022-10-04,24.77,18.728,-0.2439241017359708
DE000A0H08S0,2020-07-09,2020-07-27,15.558,14.902,-0.0421648026738655
DE000A0Q4R28,2018-01-02,2019-08-12,57.74,41.715,-0.2775372358850017
DE000A14ZT85,2019-06-12,2020-04-17,13.912,15.002,0.0783496262219666
DE000A194DD9,2018-12-20,2019-09-25,98.804,103.1254,0.0437370956641431
DE000A1EK0H1,2020-03-20,2020-10-01,37.526,55.64,0.4827053243084793
DE000A2TEDB8,2020-07-22,2020-12-17,96.592,101.278239,0.0485158087626304
DE000BASF111,2018-01-02,2022-11-29,91.488,49.24,-0.4617873382301504
DE000BAY0017,2018-01-02,2022-11-29,103.043,56.08,-0.4557611870772396
ES00000121G2,2019-05-02,2022-11-29,122.473,103.035987,-0.1587044736390877
ES0000012A89,2018-01-01,2022-11-29,99.02,95.392068,-0.0366383760856392
ES0000012E85,2019-05-31,2020-02-26,101.392,102.228647,0.0082516076219031
ES0000012F43,2019-09-09,2022-11-29,103.851,87.6382,-0.1561159738471464
ES0000012G00,2020-03-03,2022-11-29,99.758,60.44676,-0.3940660398163556
ES0000101768,2018-12-12,2019-09-18,100.916,105.4482,0.0449106187324111
ES0113900J37,2018-01-02,2022-11-29,5.454,2.8355,-0.48010634396773
ES0144580Y14,2018-01-02,2022-11-29,6.403,10.655,0.6640637201311885
ES0173516115,2019-02-07,2022-11-29,15.025,14.635,-0.0259567387687188
ES0178430E18,2018-01-02,2022-11-29,8.191,3.59,-0.561714076425345
EU000A1G0D39,2018-01-02,2022-11-29,100.032,98.12392,-0.0190746960972488
EU000A1U9985,2018-11-16,2022-10-17,100.119,100.0,-0.001188585583156
EU000A1Z99E3,2018-11-19,2019-09-09,99.967,102.746,0.0277991737273299
FI0009000681,2018-01-02,2022-11-29,3.909,4.571,0.1693527756459452
FI0009003305,2018-01-02,2022-11-29,45.66,48.33,0.0584756898817346
FR0000120271,2018-01-02,2022-11-29,46.06,58.94,0.2796352583586625
FR0000120578,2018-01-02,2022-11-29,71.76,88.19,0.2289576365663321
FR0000120628,2018-01-02,2022-11-29,24.76,27.355,0.104806138933764
FR0000121014,2018-01-02,2022-11-29,241.3,702.0,1.9092416079569
FR0000121501,2018-01-02,2021-01-15,16.915,21.85,0.2917528820573457
FR0000125007,2018-01-02,2022-11-29,45.59,44.18,-0.0309278350515464
FR0000125486,2018-01-02,2022-11-29,84.92,96.59,0.1374234573716439
FR0000131104,2018-01-02,2022-11-29,62.09,53.57,-0.1372201642776615
FR0000131906,2018-01-02,2022-11-29,83.8,33.78,-0.5968973747016706
FR0000133308,2018-01-02,2022-11-29,14.52,9.844,-0.322038567493113
FR0007054358,2018-01-02,2022-11-29,33.96,40.145,0.1821260306242639
FR0010315770,2018-01-02,2022-11-29,173.1,257.0,0.4846909300982092
FR0010344630,2018-01-02,2018-02-05,71.26,74.23,0.041678360931799
FR0010344903,2018-06-18,2018-12-24,36.33,33.155,-0.0873933388384254
FR0010510800,2018-01-02,2022-11-29,105.933,103.012,-0.0275740326432745
FR0011020965,2018-01-02,2018-02-02,29.59,29.506,-0.0028387968908414
FR0011697010,2018-11-16,2020-06-26,104.9072,101.963,-0.0280648039410069
FR0011993179,2018-01-01,2019-11-22,101.993,100.0,-0.0195405567048718
FR0013176336,2018-01-01,2019-09-19,102.63,101.43,-0.0116924875767318
FR0013176526,2018-01-02,2022-11-29,61.94,17.63,-0.7153697126251212
FR0013220902,2019-04-08,2020-01-23,101.62,102.597515,0.0096193170635701
FR0013232105,2019-01-11,2019-09-23,100.555,101.4876,0.0092745263785987
FR0013480613,2020-01-30,2022-11-29,101.688,63.427726,-0.3762516127763354
FR0014003Y09,2022-07-01,2022-11-29,86.213,83.25926,-0.0342609583241506
GR0114031561,2019-01-30,2022-11-29,100.0,100.96,0.0095999999999999
GR0114032577,2021-05-12,2022-11-29,98.85,90.04,-0.0891249367728881
GR0118019679,2019-07-23,2022-11-29,101.45,95.56,-0.0580581567274519
GR0118020685,2020-04-15,2022-11-29,100.0,95.09,-0.0490999999999999
GR0124035693,2019-03-05,2022-11-29,100.0,100.73,0.0073
GR0124036709,2020-06-09,2022-11-29,100.0,83.41,-0.1659
GR0124037715,2021-02-05,2022-11-29,100.05,76.15,-0.2388805597201398
GR0124038721,2022-01-20,2022-11-29,100.0,81.44,-0.1856
GR0128016731,2020-02-03,2022-11-29,100.0,77.19,-0.2281
GR0138017836,2021-03-17,2022-11-29,100.0,61.67,-0.3833
GR0514024216,2022-07-25,2022-11-29,100.0,99.7,-0.0029999999999999
GRC1441197B3,2019-07-22,2022-11-29,100.0,97.7676,-0.0223239999999999
GRC1451184D4,2018-03-27,2022-11-29,100.0,98.8814,-0.011186
GRC2451227D9,2022-07-06,2022-11-29,100.0,99.8,-0.002
GRC281121BD8,2021-11-10,2022-11-29,100.0,88.2425,-0.1175749999999999
GRC3931176B0,2018-01-02,2020-06-30,100.3536,100.1,-0.002527064300633
GRC419120AD7,2020-10-19,2022-11-29,100.0,92.71,-0.0729
GRC422116743,2018-01-02,2022-11-29,99.5,89.9,-0.0964824120603014
GRC4221178B3,2018-01-02,2022-11-29,100.0,65.0,-0.35
GRC4221197B3,2019-08-02,2022-11-29,100.0,74.0,-0.26
GRC4261213D5,2021-03-17,2022-11-29,100.0,88.0,-0.12
GRC4951193D4,2019-03-04,2022-11-29,100.0,96.5,-0.035
GRC4971221B3,2022-01-19,2022-11-29,100.0,88.7,-0.1129999999999999
GRC5091217D9,2021-07-14,2022-11-29,100.0,83.9667,-0.1603329999999999
GRC5211214B5,2021-05-19,2022-11-29,100.0,96.0577,-0.039423
GRC8081169B2,2018-01-02,2021-10-01,104.0,100.0,-0.0384615384615384
GRC8121176B9,2018-01-02,2020-06-23,101.5,99.9,-0.0157635467980295
GRC8131177B5,2018-01-02,2019-07-23,101.4,101.3,-0.0009861932938856
GRC813119AD1,2019-10-11,2022-11-29,100.0,92.35,-0.0765
GRC815117CD9,2018-02-02,2022-11-29,100.0,100.0,0.0
GRC8161185B1,2018-05-07,2022-11-29,100.0,100.0,0.0
GRC8171186B7,2018-06-20,2022-11-29,100.0,99.5,-0.005
GRC8231227D3,2022-07-19,2022-11-29,100.0,98.11,-0.0189
GRF000011004,2018-01-02,2022-11-29,3.5023,3.9247,0.1206064586129115
GRF000014008,2018-01-02,2022-11-29,10.2215,9.1049,-0.1092403267622168
GRF000022001,2018-01-02,2022-11-29,13.0998,12.9377,-0.0123742347211408
GRF000023009,2018-01-02,2022-11-29,22.2171,25.3924,0.142921443392702
GRF000024007,2018-01-02,2022-11-29,7.8477,7.3874,-0.0586541279610585
GRF000025004,2018-01-02,2022-11-29,6.7331,7.5911,0.127430158470838
GRF000029006,2018-01-02,2022-11-29,11.2783,10.7782,-0.0443417890994209
GRF000031002,2018-01-02,2022-11-29,12.1169,14.9721,0.235637828157367
GRF000032000,2018-01-02,2022-11-29,13.7726,14.9228,0.0835136430303646
GRF000034006,2018-01-02,2022-11-29,7.5772,8.8617,0.1695217230639286
GRF000036001,2018-01-02,2022-11-29,11.6974,13.4066,0.1461179407389675
GRF000037009,2018-01-02,2022-11-29,3.4839,4.1338,0.1865438158385716
GRF000038007,2018-01-02,2022-11-29,1.2705,1.5247,0.2000787091696182
GRF000045002,2018-01-02,2022-11-29,14.2347,19.6412,0.3798113061743486
GRF000084001,2018-01-02,2022-11-29,2.045,2.3822,0.1648899755501223
GRF000093002,2018-01-02,2022-11-29,11.4708,11.8082,0.0294138159500644
GRF000153004,2018-01-02,2022-11-29,21.2,22.05,0.0400943396226415
GRF000394004,2022-10-31,2022-11-29,10.0,10.0257,0.00257
GRK014011008,2018-01-02,2022-11-29,15.05,42.6,1.830564784053156
GRS001003037,2018-01-02,2022-11-29,33.348,0.092,-0.997241213865899
GRS003003035,2018-01-02,2022-11-29,3.24,3.76,0.1604938271604936
GRS004013009,2018-01-02,2022-11-29,15.5,16.15,0.0419354838709676
GRS014003032,2018-01-02,2022-11-29,55.2,1.419,-0.9742934782608696
GRS015003007,2018-01-02,2022-11-29,1.858,1.03,-0.4456404736275565
GRS045003001,2018-01-02,2022-11-29,0.191,0.105,-0.4502617801047121
GRS047063003,2018-01-02,2022-11-29,0.388,0.75,0.9329896907216494
GRS054003009,2019-09-05,2022-11-29,0.49,0.76,0.5510204081632654
GRS054061007,2018-01-02,2019-09-04,0.38,0.444,0.1684210526315789
GRS059063008,2018-01-02,2022-11-29,2.08,8.4,3.0384615384615383
GRS059064006,2018-01-02,2022-11-29,0.6,3.8,5.333333333333333
GRS065003014,2018-01-02,2022-11-29,0.4928,2.32,3.707792207792208
GRS070003009,2018-01-02,2022-11-29,0.77,0.95,0.2337662337662336
GRS074083007,2018-01-02,2019-09-23,22.65,19.64,-0.1328918322295804
GRS074084005,2018-01-02,2019-09-23,16.0,18.98,0.18625
GRS079103008,2018-01-02,2019-06-28,1.19,1.6,0.3445378151260505
GRS083003012,2018-01-02,2020-03-12,0.434,0.48,0.1059907834101382
GRS084003011,2018-01-02,2022-11-29,0.562,0.663,0.1797153024911031
GRS087003000,2018-09-14,2022-11-29,1.236,1.642,0.3284789644012944
GRS087103008,2018-01-02,2018-09-13,1.696,2.825142857142857,0.6657681940700809
GRS088003017,2018-01-02,2022-11-29,1.49,2.3,0.5436241610738254
GRS090003005,2019-08-12,2022-11-29,0.188,0.22,0.1702127659574468
GRS090004003,2019-08-12,2022-11-29,0.21,0.252,0.2
GRS090101007,2018-01-02,2019-08-09,0.19,0.186,-0.0210526315789473
GRS090106006,2018-01-02,2019-08-09,0.26,0.21,-0.1923076923076923
GRS092103001,2018-01-02,2022-11-29,0.198,0.494,1.4949494949494948
GRS095001004,2018-01-02,2019-12-31,0.044,3.72,83.54545454545456
GRS095003000,2019-12-31,2022-11-29,3.72,1.985,-0.4663978494623655
GRS096003009,2018-01-02,2022-11-29,5.68,3.08,-0.4577464788732394
GRS106003007,2018-01-02,2022-11-29,0.75,2.48,2.306666666666666
GRS110111002,2018-01-02,2019-12-30,0.0405,0.026,-0.3580246913580247
GRS110116001,2018-01-02,2019-12-30,0.084,0.057,-0.3214285714285714
GRS111003026,2018-01-02,2022-07-04,1.5,1.24,-0.1733333333333333
GRS117123000,2018-01-02,2022-11-29,2.02,2.1,0.0396039603960396
GRS118003003,2018-01-02,2022-11-29,0.53,1.25,1.3584905660377358
GRS120003009,2019-12-13,2022-11-29,284.0,272.0,-0.0422535211267605
GRS120131008,2018-01-02,2019-12-12,280.0,284.0,0.0142857142857142
GRS124153008,2018-01-02,2022-11-29,0.85,0.825,-0.0294117647058823
GRS128003001,2018-01-02,2022-11-29,17.0,20.6,0.211764705882353
GRS131003006,2018-01-02,2022-11-29,0.11,0.209,0.8999999999999999
GRS131004004,2018-01-02,2022-11-29,0.06,0.22,2.666666666666667
GRS135003002,2018-01-02,2022-11-29,0.098,0.298,2.040816326530612
GRS137003000,2018-01-02,2022-11-29,0.49,1.235,1.5204081632653064
GRS142003003,2018-01-02,2020-03-12,3.4,3.3,-0.0294117647058823
GRS144003001,2018-01-02,2022-11-29,1.51,0.988,-0.3456953642384106
GRS145003000,2018-01-02,2022-11-29,4.62,9.76,1.1125541125541123
GRS147233001,2018-01-02,2022-11-29,1.42,1.38,-0.028169014084507
GRS148003015,2018-01-02,2022-11-29,0.745,3.6,3.8322147651006713
GRS156203002,2018-01-02,2022-11-29,0.05,0.016,-0.68
GRS165063009,2018-01-02,2022-11-29,0.322,1.61,4.0
GRS179003017,2018-01-02,2019-03-27,0.454,0.41,-0.0969162995594714
GRS182003004,2018-01-02,2022-11-29,0.04,0.035,-0.1249999999999999
GRS184003002,2018-01-02,2022-11-29,0.06,0.53,7.833333333333334
GRS191213008,2018-01-02,2022-11-29,1.68,1.73,0.0297619047619047
GRS201003019,2018-01-02,2020-07-13,0.184,0.1,-0.4565217391304347
GRS204003008,2018-01-02,2022-11-29,6.475,6.3,-0.027027027027027
GRS208303008,2018-01-02,2022-11-29,0.76,1.67,1.1973684210526314
GRS213213002,2018-01-02,2022-11-29,0.78,0.78,0.0
GRS222213001,2018-01-02,2022-11-29,0.67,1.39,1.0746268656716416
GRS224003004,2018-01-02,2022-11-29,0.159,0.226,0.4213836477987421
GRS233003003,2018-01-02,2018-08-02,0.68,0.64,-0.0588235294117647
GRS234003002,2018-01-02,2020-07-13,0.268,0.23,-0.1417910447761194
GRS237003009,2019-09-11,2022-11-29,0.274,0.474,0.7299270072992698
GRS237061007,2018-01-02,2019-09-10,0.4,0.274,-0.315
GRS239003007,2018-01-02,2022-11-29,2.9,4.01,0.3827586206896551
GRS240003012,2018-01-02,2022-11-29,2.66,5.3,0.9924812030075186
GRS245213004,2018-01-02,2022-11-29,6.92,5.7,-0.176300578034682
GRS246003008,2022-07-26,2022-11-29,1.16,0.352,-0.696551724137931
GRS246073001,2018-01-02,2022-07-25,0.164,0.388,1.3658536585365852
GRS247003007,2019-05-06,2022-11-29,0.565,1.05,0.8584070796460179
GRS247183007,2018-01-02,2019-05-03,0.728,0.57,-0.217032967032967
GRS249003005,2019-11-29,2022-11-29,0.0555,0.186,2.351351351351352
GRS249501008,2018-01-02,2019-11-28,0.129,0.0555,-0.5697674418604651
GRS250073004,2018-01-02,2022-11-29,4.7,2.6,-0.4468085106382978
GRS254183007,2018-01-02,2022-08-08,0.0145,0.0125,-0.1379310344827586
GRS259003002,2018-01-02,2022-11-29,5.35,6.7,0.252336448598131
GRS260333000,2018-01-02,2022-11-29,11.69,14.78,0.2643284858853721
GRS265003004,2019-09-20,2022-11-29,0.6,1.075,0.7916666666666666
GRS265061002,2018-01-02,2019-09-19,0.33,0.6,0.818181818181818
GRS275073005,2018-01-02,2022-11-29,0.374,0.86,1.299465240641711
GRS277023008,2018-01-02,2022-09-30,3.61,7.8,1.160664819944598
GRS279003008,2018-01-02,2019-12-11,0.635,0.34,-0.4645669291338582
GRS281003004,2019-11-08,2022-11-29,1.85,1.614,-0.1275675675675675
GRS281101006,2018-01-02,2019-11-07,1.405,1.786,0.2711743772241993
GRS282183003,2018-01-02,2022-11-29,14.9,14.97,0.0046979865771812
GRS284183001,2018-01-02,2022-11-29,0.254,0.155,-0.3897637795275591
GRS289103004,2018-01-02,2022-11-29,0.418,2.06,3.928229665071771
GRS294003009,2018-01-02,2022-11-29,19.18,4.8,-0.7497393117831074
GRS295003008,2018-01-02,2022-11-29,0.63,1.02,0.6190476190476191
GRS296273006,2018-01-02,2019-04-24,2.4,2.40001,4.166666666693963e-06
GRS298343005,2018-01-02,2022-11-29,7.7,7.09,-0.0792207792207792
GRS299003004,2018-01-02,2020-08-31,0.348,1.15,2.3045977011494254
GRS301003000,2018-01-02,2022-11-29,0.17,0.11,-0.3529411764705882
GRS308003003,2018-01-02,2019-05-07,1.02,1.4,0.372549019607843
GRS310003009,2018-01-02,2022-11-29,1.077777777777562,4.65,3.3144329896915865
GRS314003005,2018-01-02,2022-11-29,0.1296,0.033,-0.7453703703703703
GRS315003004,2018-01-02,2022-07-04,2.46,3.22,0.3089430894308944
GRS316003003,2018-01-02,2022-11-29,0.073,0.103,0.4109589041095891
GRS316007004,2018-01-02,2022-11-29,0.092,0.072,-0.2173913043478261
GRS316007012,2018-01-02,2022-11-29,0.085,0.105,0.2352941176470586
GRS319103008,2018-01-02,2022-11-29,0.98,2.6,1.653061224489796
GRS320313000,2018-01-02,2022-11-29,4.2,3.01,-0.2833333333333334
GRS323003012,2018-01-02,2022-11-29,0.88,1.077,0.2238636363636363
GRS326003019,2018-01-02,2022-11-29,9.3,15.5,0.6666666666666665
GRS329503007,2018-01-02,2022-11-29,0.168,0.423,1.5178571428571428
GRS331043000,2018-01-02,2022-11-29,6.25,6.36,0.0176
GRS332073006,2018-01-02,2022-11-29,0.142,0.444,2.1267605633802824
GRS337003008,2018-01-02,2022-11-29,5.85,11.32,0.9350427350427352
GRS339003022,2018-01-02,2022-11-29,0.545,0.11,-0.7981651376146789
GRS340263003,2018-01-02,2022-11-29,0.535,0.386,-0.2785046728971962
GRS341003002,2018-01-02,2021-06-24,0.127,0.448,2.52755905511811
GRS343313003,2018-01-02,2022-11-29,1.168,0.585,-0.4991438356164384
GRS344003009,2018-10-12,2022-11-29,0.364,0.22,-0.3956043956043956
GRS344061007,2018-01-02,2018-10-11,0.78,0.364,-0.5333333333333333
GRS345503007,2018-01-02,2022-11-29,5.36,5.58,0.0410447761194029
GRS346003007,2018-01-02,2022-11-29,0.212,0.078,-0.6320754716981133
GRS348003005,2018-01-02,2020-12-03,0.142,0.14,-0.0140845070422533
GRS350263000,2018-01-02,2022-11-29,0.44,0.468,0.0636363636363637
GRS354003006,2018-01-02,2022-11-29,0.5,1.5,2.0
GRS359353000,2018-01-02,2022-11-29,6.31,7.04,0.115689381933439
GRS364253005,2018-01-02,2022-11-29,0.123,0.848,5.894308943089431
GRS368313003,2018-01-02,2022-11-17,0.47,3.49501,6.436191489361702
GRS371113002,2018-01-02,2021-12-15,0.58,1.09,0.8793103448275865
GRS372003004,2018-01-02,2022-11-29,0.5925,0.518,-0.1257383966244726
GRS373173004,2018-01-02,2022-11-29,0.15,0.37,1.4666666666666668
GRS374003002,2018-01-02,2022-11-29,0.22,0.65,1.9545454545454548
GRS375183001,2018-01-02,2022-11-29,0.49,0.686,0.4000000000000001
GRS379233000,2018-01-02,2021-09-27,1.15,1.5,0.3043478260869566
GRS382073005,2018-01-02,2022-11-29,2.82,2.94,0.0425531914893617
GRS384003000,2018-01-02,2022-11-29,0.38,0.495,0.3026315789473684
GRS385113006,2018-01-02,2022-11-29,0.33,0.73,1.212121212121212
GRS387503006,2018-01-02,2022-11-29,1.3,2.26,0.7384615384615383
GRS392193009,2018-01-02,2022-11-29,0.25,0.254,0.016
GRS393503008,2018-01-02,2022-11-29,9.25,17.89,0.934054054054054
GRS395363005,2018-01-02,2022-11-29,5.32,3.125,-0.412593984962406
GRS396003006,2018-01-02,2022-11-29,0.269,0.449,0.6691449814126393
GRS397003005,2018-01-02,2022-11-29,1.36,2.1,0.5441176470588235
GRS398003004,2019-12-31,2021-12-16,5.5,5.75001,0.0454563636363635
GRS398161000,2018-01-02,2019-12-30,4.7,5.5,0.1702127659574467
GRS399163005,2018-01-02,2020-07-13,5.3,10.0,0.8867924528301887
GRS402003008,2018-01-02,2022-11-29,4.04,6.32,0.5643564356435644
GRS403003007,2018-01-02,2022-11-29,1.63,1.715,0.0521472392638037
GRS404003006,2018-01-02,2022-11-29,1.6,2.08,0.3
GRS405003005,2018-01-02,2021-07-23,2.24,6.40001,1.8571473214285712
GRS406003004,2018-01-02,2021-06-07,0.36,0.3,-0.1666666666666666
GRS407183003,2018-01-02,2022-11-29,1.36,2.14,0.5735294117647058
GRS412503005,2018-01-02,2022-11-29,0.196,0.297,0.5153061224489794
GRS413313008,2018-01-02,2022-11-29,0.166,0.648,2.903614457831325
GRS419003009,2018-01-02,2022-11-29,10.65,13.16,0.2356807511737089
GRS422003004,2018-01-02,2022-11-29,4.3,0.57,-0.8674418604651163
GRS424003002,2018-01-02,2022-11-29,0.86,3.08,2.581395348837209
GRS426003000,2018-01-02,2022-11-29,19.04,19.25,0.0110294117647059
GRS427003009,2018-01-02,2022-11-29,25.3,23.6,-0.067193675889328
GRS428003008,2018-01-02,2022-11-29,4.55,3.61,-0.2065934065934065
GRS432003028,2018-01-02,2022-11-29,1.065,1.426,0.3389671361502347
GRS433003019,2018-01-02,2022-11-29,4.95,5.35,0.0808080808080807
GRS434003000,2018-01-02,2022-11-29,2.08,6.68,2.211538461538461
GRS438003006,2018-01-02,2022-11-29,1.92,2.44,0.2708333333333333
GRS439003005,2018-01-02,2022-11-29,0.428,0.606,0.4158878504672897
GRS445003007,2018-01-02,2019-05-07,0.58,0.95,0.6379310344827587
GRS446003014,2018-01-02,2022-11-29,0.122,0.185,0.5163934426229508
GRS448003004,2018-01-02,2019-10-08,3.32,4.36,0.3132530120481929
GRS449003003,2018-01-02,2022-11-29,0.153,0.278,0.8169934640522878
GRS457003002,2018-01-02,2021-09-27,0.23,0.5,1.173913043478261
GRS461003006,2018-01-02,2022-11-29,0.352,0.998,1.835227272727273
GRS469003024,2018-01-02,2022-11-29,3.06,6.0,0.96078431372549
GRS470003013,2018-01-02,2022-11-29,15.7,16.28,0.0369426751592357
GRS472003011,2018-01-02,2022-11-29,0.366,2.965,7.101092896174863
GRS473003002,2018-01-02,2022-11-29,0.6,1.29,1.15
GRS474003001,2018-01-02,2022-11-29,0.73,0.497,-0.3191780821917808
GRS475003018,2018-01-02,2022-11-29,0.232,1.27,4.474137931034483
GRS477003008,2018-01-02,2022-11-29,1.4,1.73,0.2357142857142858
GRS484003009,2018-01-02,2022-11-29,0.37,2.05,4.54054054054054
GRS487003006,2018-01-02,2022-11-29,0.85,1.05,0.2352941176470589
GRS488003005,2018-01-02,2022-11-29,0.595,2.21,2.7142857142857144
GRS489003004,2018-01-02,2022-11-29,0.141,0.514,2.645390070921986
GRS491003000,2018-01-02,2019-05-23,9.3,11.24,0.2086021505376343
GRS494003007,2018-01-02,2018-08-02,4.92,5.08,0.032520325203252
GRS495003006,2018-01-02,2022-11-29,8.32,5.0,-0.3990384615384615
GRS496003005,2018-01-02,2022-11-29,4.64,19.98,3.306034482758621
GRS497003012,2018-01-02,2022-11-29,0.632,1.06,0.6772151898734178
GRS498003003,2018-01-02,2022-11-29,0.2,6.2,30.0
GRS500003009,2018-01-02,2022-11-29,0.9,1.45,0.611111111111111
GRS501003008,2018-01-02,2022-11-29,2.06,1.6,-0.2233009708737864
GRS502003007,2018-01-02,2022-11-29,0.65,0.595,-0.0846153846153846
GRS504003021,2018-01-02,2022-11-29,4.499999999955,4.34,-0.0355555555459112
GRS505003004,2018-01-02,2022-11-29,0.7599999999923999,3.84,4.052631578997896
GRS506003003,2018-01-02,2022-11-29,1.77,1.75,-0.0112994350282485
GRS507003002,2018-01-02,2019-05-21,0.59,0.99,0.6779661016949153
GRS509003018,2018-01-02,2022-11-29,4.8,8.7,0.8124999999999999
GRS510003015,2018-01-02,2022-11-29,0.835,0.449,-0.4622754491017963
GRS511003006,2018-01-02,2022-11-29,3.96,3.28,-0.1717171717171717
GRS512003005,2018-01-02,2019-10-31,2.3,4.46,0.9391304347826088
GRS513003004,2018-01-02,2019-07-25,1.59,2.57001,0.6163584905660376
GRS516003001,2018-01-02,2022-11-29,5.2,6.75,0.298076923076923
GRS517003000,2018-01-02,2022-11-29,1.77,1.9,0.0734463276836157
GRS518003009,2018-01-02,2022-11-29,1.96,1.764,-0.0999999999999999
GRS520003005,2018-07-23,2022-11-29,10.5,7.1,-0.3238095238095238
GRS522003003,2021-08-06,2022-11-29,2.053,2.11,0.0277642474427666
GRS525003000,2022-06-29,2022-11-29,15.0,14.05,-0.0633333333333332
GRS807003017,2019-01-15,2022-11-29,4.92,10.0,1.032520325203252
GRX497003012,2021-07-13,2021-07-13,1.44,1.44,0.0
IE00B11XZB05,2018-01-03,2021-10-05,19.62,20.45,0.0423037716615697
IE00B14X4Q57,2018-01-02,2022-11-29,144.07407,137.39,-0.0463932892296304
IE00B1FZS681,2018-01-02,2022-11-29,169.58,158.52,-0.0652199551833942
IE00B3F81R35,2018-01-02,2022-11-29,130.7,116.8,-0.1063504208110175
IE00B3ZW0K18,2018-01-02,2022-11-29,60.94,84.48,0.3862815884476535
IE00B4L5YX21,2019-08-07,2022-11-29,35.46,41.6,0.1731528482797518
IE00B4L60045,2018-09-28,2022-11-29,109.888272,102.28,-0.0692364331654974
IE00B4S3JD47,2018-01-01,2022-11-29,119.94,100.730828,-0.1601565115891278
IE00B4WXJJ64,2018-09-28,2022-11-29,121.04,111.34,-0.0801387970918704
IE00B52VJ196,2021-05-24,2022-11-29,57.76,56.69,-0.0185249307479224
IE00B66F4759,2018-01-02,2022-11-29,107.38,89.96,-0.162227602905569
IE00B6YX5K17,2019-03-13,2020-06-04,60.05,57.595,-0.0408825978351373
IE00B7LW6Y90,2018-11-02,2019-09-26,147.535,171.76,0.1641983258209916
IE00B8FHGS14,2020-04-30,2021-10-11,43.555,50.07,0.1495809895534382
IE00BF11F565,2019-01-31,2022-11-29,5.021,4.699,-0.0641306512646883
IE00BF3N7094,2018-12-04,2022-11-29,4.8775,5.048,0.0349564325986672
IE00BF3N7102,2020-07-23,2022-11-29,4.6067,3.947,-0.1432044630646666
IE00BFZRPZ02,2019-09-09,2022-11-29,113.014,89.566308,-0.2074759941246216
IE00BGDQ0L74,2022-08-05,2022-11-29,4.516,3.826,-0.1527900797165633
IE00BJ5JPH63,2020-08-12,2021-09-28,5.356,5.322,-0.0063480209111276
IE00BKWD3966,2021-07-09,2022-11-29,41.55,34.57,-0.1679903730445246
IE00BKWQ0C77,2018-01-02,2019-06-11,115.33,117.01,0.0145668949969652
IE00BM67HL84,2021-01-21,2021-12-15,17.102,22.37,0.3080341480528593
IE00BM67HM91,2018-01-02,2018-10-18,28.64,30.23,0.0555167597765363
IE00BM67HP23,2019-07-25,2020-03-02,31.56,30.715,-0.0267743979721165
IE00BM67HQ30,2020-04-28,2022-11-29,23.91,29.79,0.2459222082810539
IE00BM67HT60,2019-11-26,2022-06-20,31.635,44.62,0.4104630946736208
IE00BYM11K57,2018-01-02,2022-11-29,121.5,154.06,0.2679835390946502
IE00BYX2JD69,2020-11-06,2022-11-29,7.04,8.8425,0.2560369318181817
IE00BZ036J45,2020-06-18,2021-09-29,14.746,14.499,-0.016750305167503
IE00BZ0PKV06,2019-07-17,2019-09-24,6.07,6.0915,0.0035420098846786
IT0000366655,2022-03-30,2022-11-29,113.973,105.849309,-0.0712773288410412
IT0005030504,2018-01-01,2018-12-20,102.71,100.8088,-0.0185103690000972
IT0005239360,2018-01-02,2022-11-29,15.71,12.96,-0.1750477402928071
IT0005252520,2018-11-07,2020-07-30,92.671,100.985172,0.0897170851722761
IT0005277444,2018-01-01,2022-07-29,100.768,100.0,-0.0076214671324229
IT0005344335,2018-12-21,2022-11-29,102.77,100.044428,-0.0265210859200155
IT0005402117,2020-02-13,2022-11-29,101.027,75.774297,-0.2499599414018034
IT0005482309,2022-03-30,2022-11-29,99.494,97.606175,-0.0189742597543571
JE00B3T3K772,2020-03-31,2020-03-31,25.6,25.6,0.0
LU0006344922,2018-01-02,2022-11-29,830.69,810.71,-0.0240522938761752
LU0006391097,2018-01-02,2018-02-28,788.31,773.58,-0.0186855424896295
LU0011850392,2018-01-02,2022-02-28,104.72,53.6,-0.4881588999236058
LU0033040600,2018-01-02,2022-11-29,1577.57,1411.87,-0.1050349588290852
LU0033040782,2018-01-02,2022-11-29,3409.45,3185.1,-0.0658024021469738
LU0033050237,2018-01-02,2022-11-29,396.96,368.23,-0.07237505038291
LU0049785362,2018-01-02,2018-04-13,1722.15,1681.51,-0.0235984089655373
LU0049785446,2018-01-02,2022-11-29,2715.78,2610.19,-0.0388801743882052
LU0050372472,2018-01-02,2022-11-29,28.7,25.9,-0.0975609756097561
LU0053903893,2018-01-02,2022-11-29,6.6951,5.77,-0.1381756807217219
LU0072462186,2018-01-02,2018-05-16,68.4,70.27,0.0273391812865495
LU0075938133,2020-09-30,2022-11-29,231.42,194.44,-0.1597960418287096
LU0083138064,2018-01-02,2022-11-29,209.1137,204.7206,-0.0210081883683374
LU0085995990,2018-01-02,2022-11-29,51.25,42.92,-0.1625365853658536
LU0086177085,2018-01-02,2022-11-29,206.63,205.89,-0.003581280549775
LU0089290844,2018-01-02,2022-11-29,136.6,97.12,-0.2890190336749633
LU0089291651,2018-01-02,2022-11-29,255.85,235.77,-0.0784834864178228
LU0091115906,2018-01-02,2022-11-29,31.0302,30.3052,-0.0233643353893948
LU0093503497,2018-01-02,2022-11-29,14.81,18.31,0.2363268062120188
LU0093503810,2018-01-02,2022-11-29,15.99,14.84,-0.0719199499687304
LU0094557526,2018-01-02,2021-01-20,35.7,42.26,0.18375350140056
LU0106234643,2018-01-02,2022-11-29,7.2289,6.7429,-0.0672301456653157
LU0106235293,2018-01-02,2022-11-29,38.1573,40.7544,0.0680629918783561
LU0113257694,2018-01-02,2022-11-29,22.3978,20.8102,-0.0708819616212307
LU0115143082,2018-07-10,2021-03-15,107.77,141.29,0.3110327549410782
LU0118259661,2018-01-02,2018-04-16,5.55,5.46,-0.0162162162162161
LU0127230596,2018-01-02,2022-11-29,1211.43,1120.76,-0.0748454306068035
LU0130799603,2018-01-02,2019-02-12,87.35,84.59,-0.0315970234688035
LU0131126574,2020-06-29,2021-05-18,18.93,20.5,0.0829371368198626
LU0147414022,2018-01-02,2022-11-29,2074.65,2984.56,0.4385848215361626
LU0152980495,2018-01-02,2022-01-13,24.42,24.07,-0.0143325143325143
LU0154234636,2018-01-02,2022-11-29,42.14,52.74,0.2515424774560987
LU0161942635,2018-01-02,2022-11-29,22.05,31.61,0.4335600907029477
LU0162658883,2018-01-02,2022-05-05,16.59,16.05,-0.0325497287522603
LU0165081950,2018-01-03,2018-01-25,42.242,43.67,0.033805217555987
LU0165091165,2018-01-03,2018-11-23,26.192,25.408,-0.0299328039095906
LU0165130674,2018-01-03,2019-01-11,17.169,17.074,-0.0055332284932144
LU0165281881,2018-01-02,2022-11-29,1345.69,1486.04,0.104295937400144
LU0165915058,2018-01-02,2021-04-22,16.31,17.53,0.0748007357449419
LU0167160653,2018-01-02,2022-11-29,130.76,122.05,-0.0666105842765371
LU0167237543,2018-01-02,2022-11-29,115.7669,112.9732,-0.0241321137561772
LU0170473374,2020-06-23,2021-05-18,15.99,16.51,0.0325203252032521
LU0171275786,2018-01-02,2022-11-29,30.49,33.23,0.0898655296818628
LU0171283459,2018-01-02,2022-11-29,47.54,63.55,0.3367690366007572
LU0171298648,2020-06-19,2022-06-01,190.29,310.74,0.6329812391612802
LU0171304719,2018-01-02,2022-11-29,23.64,31.76,0.3434856175972927
LU0171305526,2018-01-02,2022-11-29,25.55,29.63,0.1596868884540116
LU0171307068,2018-01-02,2022-11-29,32.79,61.14,0.8645928636779506
LU0171310443,2018-01-02,2022-11-29,24.66,48.9,0.9829683698296836
LU0172394222,2018-01-02,2022-11-29,13.34,12.01,-0.0997001499250374
LU0172396516,2018-01-02,2022-11-29,19.45,17.49,-0.1007712082262211
LU0204480833,2018-01-02,2021-04-22,28.13,36.06,0.2819054390330609
LU0208853274,2018-01-02,2022-11-29,13.42,22.05,0.643070044709389
LU0212175227,2018-01-02,2022-02-14,123.21,120.76,-0.0198847496144792
LU0212178916,2018-01-02,2022-11-29,224.65,227.54,0.0128644558201646
LU0212925753,2018-01-02,2022-11-29,37.9,38.71,0.0213720316622691
LU0243957825,2018-01-02,2021-10-08,18.0295,19.4057,0.0763304584153748
LU0243958047,2020-01-15,2021-01-07,19.8267,20.4761,0.0327538117790656
LU0248271941,2018-01-02,2022-11-29,33.16,44.64,0.3462002412545237
LU0252499412,2018-01-02,2022-11-29,106.75,104.01,-0.0256674473067915
LU0274221281,2018-01-02,2022-11-29,82.92,116.68,0.4071394114809455
LU0274704161,2018-01-02,2019-06-06,42.12,36.94,-0.1229819563152896
LU0278453476,2018-01-02,2022-11-29,10.06,9.42,-0.0636182902584493
LU0281576909,2018-02-05,2019-06-06,56.32,54.87,-0.0257457386363636
LU0282880003,2018-01-03,2018-04-09,78.46,71.67,-0.0865409125669129
LU0290356954,2018-01-02,2022-11-29,201.74,190.22,-0.0571032021413701
LU0290358224,2019-04-24,2020-11-10,216.76,228.9,0.0560066432921203
LU0290358497,2018-01-02,2022-11-29,137.98,134.857,-0.0226337150311638
LU0290359032,2019-02-26,2020-04-27,196.1,176.67,-0.0990821009688934
LU0292108619,2021-08-30,2022-09-30,35.405,36.695,0.0364355317045614
LU0297943168,2018-01-02,2022-11-29,18.64,16.0,-0.1416309012875536
LU0316493583,2018-01-02,2021-02-05,26.32,32.33,0.2283434650455926
LU0325598166,2018-01-02,2022-11-29,110.86,106.28,-0.0413133682121594
LU0329630130,2020-01-22,2020-02-24,2191.98,2134.42,-0.0262593636803255
LU0330917880,2018-01-02,2022-11-29,189.46,168.7,-0.1095745803863613
LU0363630707,2018-01-02,2019-06-06,61.72,59.06,-0.0430978613091379
LU0378967565,2018-01-02,2018-09-25,91.83,79.24,-0.1371011651965589
LU0391944815,2018-01-02,2022-11-29,208.49,271.59,0.3026524053911457
LU0417441200,2018-01-02,2022-11-29,140.1,110.77,-0.2093504639543183
LU0425487740,2018-01-02,2022-11-29,16.8483,13.9417,-0.1725159214876277
LU0430493212,2018-01-02,2022-03-31,8.84,9.05,0.0237556561085973
LU0432365988,2018-01-02,2022-11-29,73.31,71.3904,-0.0261846951302687
LU0432616737,2018-01-02,2022-07-05,17.14,17.67,0.0309218203033839
LU0447610766,2018-01-03,2022-11-29,13.621,12.6347,-0.0724102488804052
LU0447611061,2018-01-03,2019-02-12,14.5239,13.5996,-0.0636399314233779
LU0454936104,2018-10-22,2018-12-12,995.86,994.99,-0.000873616773442
LU0474967485,2018-02-02,2022-11-29,281.41,223.59,-0.2054653352759319
LU0476459721,2018-05-29,2022-11-29,981.06,917.27,-0.0650215073491937
LU0502418741,2018-01-03,2020-11-06,113.19,111.07,-0.0187295697499779
LU0503635038,2018-01-02,2022-05-04,111.91,129.02,0.1528907157537308
LU0524480265,2018-08-24,2022-11-29,166.48,165.9,-0.0034839019702065
LU0561744862,2018-01-02,2022-11-29,14.38,14.0,-0.0264255910987483
LU0562822386,2018-01-02,2022-11-29,19.33,23.0,0.1898603207449561
LU0625451512,2018-01-02,2022-11-29,12.62,10.99,-0.1291600633914421
LU0670223279,2018-01-17,2018-01-19,9.9539,9.9536,-3.0138940515885948e-05
LU0671501392,2018-01-02,2022-11-29,9.9662,6.1577,-0.3821416387389376
LU0671501806,2018-01-02,2022-11-29,29.0282,21.2056,-0.2694827788150832
LU0671502010,2018-01-02,2019-05-23,28.6963,28.2773,-0.0146011855186905
LU0694810861,2018-01-02,2018-02-28,10.0118,9.9762,-0.0035558041511015
LU0757360960,2018-01-02,2022-11-29,88.8708,66.3604,-0.2532935452364556
LU0775052292,2018-01-02,2019-11-18,199.42,203.19,0.0189048239895698
LU0776413196,2018-01-02,2019-06-10,128.7254,129.2531,0.0040994240452931
LU0779800910,2021-03-16,2022-11-29,15.36,13.52,-0.1197916666666666
LU0784383399,2018-01-26,2022-11-29,10.96,10.16,-0.072992700729927
LU0794791870,2018-01-02,2020-09-09,16.84,14.19,-0.1573634204275534
LU0823389423,2018-02-22,2022-11-29,75.22,51.98,-0.3089603828768945
LU0823407779,2018-01-02,2019-09-12,221.61,253.61,0.1443978159830332
LU0823417810,2018-01-02,2022-11-29,76.3816666636114,108.31,0.4180104301337459
LU0823421689,2018-05-31,2022-11-29,899.61,1681.05,0.8686430786674225
LU0823427611,2018-01-02,2022-10-06,293.7,221.71,-0.2451140619679944
LU0823431720,2018-01-03,2018-11-30,121.96,126.78,0.0395211544768777
LU0823447643,2018-01-02,2021-06-02,107.3,105.4,-0.0177073625349486
LU0823449425,2018-01-02,2019-11-14,56.78,48.45,-0.1467065868263472
LU0849399786,2018-01-02,2022-11-29,142.8387,140.0745,-0.0193518983300743
LU0849400543,2018-01-02,2022-11-29,110.248,85.5082,-0.224401349684348
LU0941349275,2018-01-02,2022-11-29,114.84,112.46,-0.0207244862417277
LU0953782009,2018-01-02,2019-11-14,103.503,100.0,-0.033844429630059
LU0954602917,2018-01-02,2022-11-29,103.43,95.21,-0.0794740404138065
LU0955662357,2018-01-02,2022-11-29,139.6077,166.0437,0.1893591829103982
LU0973708182,2018-01-02,2018-03-12,9.95,9.95,0.0
LU0995120242,2021-02-09,2022-11-29,112.103,90.1727,-0.1956263436304112
LU1046235732,2021-12-28,2022-11-29,120.9727,109.8201,-0.0921910480629101
LU1080341495,2018-01-02,2018-08-23,1254.87,1216.59,-0.0305051519280881
LU1081987536,2018-01-02,2019-06-13,95.8,82.76,-0.136116910229645
LU1093756242,2018-01-02,2022-11-29,10.78,9.92,-0.0797773654916511
LU1116037828,2018-01-02,2022-11-29,106.15,94.73,-0.1075836081017428
LU1133085917,2018-01-02,2022-11-29,9.03,6.5,-0.2801771871539313
LU1165135440,2018-01-02,2022-11-29,122.04,190.24,0.5588331694526385
LU1279335027,2018-01-02,2022-11-29,135.77,160.57,0.1826618546070559
LU1389986909,2018-01-02,2019-05-07,959.0544,920.7097,-0.0399817778845496
LU1458427942,2019-09-13,2022-11-29,147.53,208.12,0.4106961296007592
LU1484486714,2018-02-28,2020-01-31,102.99,98.41,-0.0444703369259151
LU1514167722,2018-07-18,2022-11-29,104.7239,98.8747,-0.055853534866444
LU1514168027,2018-04-30,2022-11-29,100.1291,81.0385,-0.1906598581231629
LU1620156999,2021-01-26,2022-11-29,104.57,85.3,-0.1842784737496413
LU1645386480,2020-12-23,2022-08-29,12.1105,10.617,-0.1233227364683538
LU1679117579,2019-02-20,2022-11-29,95.41,98.93,0.0368934073996437
LU1819948784,2019-10-16,2022-11-29,101.43,97.9,-0.0348023267277925
LU1882473264,2022-04-01,2022-11-29,47.67,43.3,-0.091671911055171
LU1883311653,2019-06-12,2022-11-29,49.04,48.23,-0.0165171288743883
LU1883321298,2019-06-11,2022-11-29,50.71,60.87,0.2003549595740484
LU1883324391,2020-01-16,2020-02-24,55.19,54.13,-0.0192063779670229
LU1883854272,2020-01-16,2022-07-15,125.02,135.99,0.0877459606462967
LU1956159856,2021-06-03,2022-11-29,245.37,218.34,-0.1101601662794962
LU2343327081,2021-07-29,2022-11-29,100.7247,84.8553,-0.1575522190684112
NL0000235190,2018-01-02,2022-11-29,82.75,109.18,0.3193957703927493
NL0010273215,2018-01-02,2022-11-29,146.0,559.8,2.834246575342465
NL00150001Q9,2021-01-19,2022-11-29,13.86,14.702,0.0607503607503607
PTOTEQOE0015,2019-04-12,2022-11-29,126.653,104.224839,-0.1770835353288118
PTOTESOE0013,2018-12-28,2021-02-23,107.85,104.726079,-0.0289654242002781
XS0196448129,2018-11-16,2020-04-14,107.1792,100.0,-0.066983145983549
XS0205537581,2018-01-02,2020-09-04,73.197,43.116928,-0.4109467874366436
XS0207764712,2018-01-01,2022-10-24,88.804,81.130691,-0.0864072451691365
XS0213101073,2018-06-21,2021-12-15,110.175,108.713264,-0.0132674018606762
XS0214965963,2019-04-09,2021-12-10,100.31,107.328478,0.0699678795733227
XS0478803355,2018-11-19,2019-08-05,109.9119,105.0447,-0.0442827391756488
XS0505157965,2018-11-16,2019-07-10,133.218,142.04,0.0662222822741671
XS0832628423,2018-11-19,2019-08-30,109.1986,109.4386,0.0021978303751146
XS0842659426,2018-11-16,2020-03-13,117.4832,114.521045,-0.0252134347719503
XS0969795680,2018-11-16,2021-09-09,106.196,100.0,-0.058344947078986
XS0989155089,2018-11-16,2020-10-02,109.2641,108.130663,-0.010373370576429
XS1068872925,2018-11-16,2021-04-19,106.9629,104.336831,-0.0245512135516146
XS1207449684,2018-11-16,2022-11-29,98.5942,94.750966,-0.0389803254146795
XS1208856341,2018-01-31,2018-01-31,111.503,111.503,0.0
XS1227247191,2018-01-02,2022-05-05,112.852,100.0,-0.1138836706482827
XS1260085037,2018-01-02,2020-06-12,101.454,100.0,-0.014331618270349
XS1280834992,2018-11-16,2022-11-29,102.068,98.320314,-0.0367175412470118
XS1288040055,2018-11-16,2020-10-14,101.2418,100.0,-0.0122656847270593
XS1292384960,2018-02-02,2019-11-28,104.372,106.133771,0.0168797282796151
XS1314321941,2018-01-02,2022-11-29,119.723,103.594485,-0.1347152593904261
XS1328798779,2020-07-22,2020-12-02,101.835,100.0,-0.018019345018903
XS1330978567,2019-05-29,2019-10-29,114.1909,116.0874,0.0166081535393801
XS1361554584,2018-12-17,2019-07-10,97.667,110.966,0.1361667707618744
XS1394055872,2018-11-16,2019-07-10,99.1302,104.416,0.0533217929551236
XS1428088626,2018-01-31,2018-01-31,107.917,107.917,0.0
XS1497606365,2018-01-02,2022-11-29,107.025,93.705733,-0.1244500537257651
XS1503043694,2019-03-28,2020-02-24,98.688,105.429632,0.0683125810635537
XS1551678409,2018-01-02,2022-11-29,105.69,98.620796,-0.0668862144006055
XS1576621632,2018-11-16,2022-11-29,100.4605,97.094551,-0.0335051985606283
XS1612977717,2018-11-16,2019-09-25,99.5501,117.5686,0.1809993159223346
XS1633845158,2019-07-18,2020-12-21,98.841,100.997784,0.0218207424044678
XS1637276848,2018-01-02,2022-11-29,108.854,100.498478,-0.0767589799180553
XS1645113322,2018-11-19,2019-07-10,101.3326,105.929,0.0453595387861359
XS1685702794,2018-01-02,2022-11-29,101.825,90.805126,-0.1082236582371716
XS1691349523,2018-01-02,2022-09-27,100.572,100.054,-0.0051505389173925
XS1762980065,2018-01-29,2022-11-29,100.126,100.214197,0.0008808601162534
XS1791485011,2019-02-05,2022-11-29,103.393,92.839207,-0.1020745408296499
XS1824424706,2021-01-26,2022-11-29,98.32,80.70194,-0.1791910089503661
XS1865186321,2018-11-06,2020-11-20,99.13,102.395461,0.0329411984263089
XS1909184753,2019-03-29,2022-11-29,98.752,98.678342,-0.0007458886908619
XS1915152000,2018-12-04,2019-06-21,100.721,103.7862,0.0304325810903385
XS1980857319,2019-05-07,2019-12-20,99.652,111.367,0.1175591056877935
XS2010037849,2020-07-22,2020-12-17,90.665,102.414245,0.1295896431919703
XS2010038144,2019-11-26,2022-11-29,101.253,97.674083,-0.035346281097844
XS2018638648,2019-06-21,2022-11-29,99.756,97.747638,-0.0201327438951041
XS2028846363,2019-07-15,2022-11-29,102.1746,99.695296,-0.0242653653647775
XS2055106137,2019-09-19,2022-11-29,99.4953,93.44873,-0.0607724183956428
XS2055781962,2019-10-21,2020-02-19,97.369,100.336834,0.0304802760632233
XS2060691719,2019-10-01,2022-11-29,100.852,96.141204,-0.0467099908777218
XS2079716853,2019-11-12,2022-11-29,99.83,93.199528,-0.0664176299709505
XS2092381107,2019-12-09,2022-11-29,101.600111,100.744053,-0.0084257585112284
XS2105095777,2020-01-16,2022-11-29,99.128904,79.954721,-0.1934267627936247
XS2111230285,2020-02-10,2022-11-29,100.593658,82.203703,-0.1828142585291013
XS2114234714,2020-02-11,2022-11-29,99.916,37.903949,-0.6206418491532888
XS2121408996,2020-02-14,2022-11-29,98.462,83.944336,-0.147444333854685
XS2237982769,2020-10-05,2022-11-29,99.260876,89.747763,-0.0958395027664272
XS2307437629,2021-03-08,2022-11-29,98.992301,81.663228,-0.175054755015746
XS2314265237,2021-03-16,2022-11-29,101.991234,92.741034,-0.0906960298176214
XS2337604479,2021-04-26,2022-11-29,101.261975,89.082373,-0.1202781399434486
XS2359929812,2021-07-15,2022-11-29,101.076,84.083144,-0.1681195931774109
XS2364001151,2021-07-12,2022-11-29,100.185,93.329611,-0.0684272994959325
XS2367107856,2021-07-19,2022-11-29,100.005292,93.776601,-0.0622836139511496
XSTITANBOND27,2020-07-06,2022-11-29,100.044781,91.423433,-0.086174890022499
AU3CB0228823,2021-01-27,2022-11-29,70.88879672,62.513931840000005,-0.1181408807527012
AU3CB0258465,2019-04-12,2022-11-29,65.46259952,63.77580713,-0.0257672686750646
AU3SG0001985,2020-09-17,2022-11-29,63.93252976000001,50.15626177318,-0.2154813525842874
AU3SG0002199,2020-09-17,2022-11-29,64.18283596,52.98286563693,-0.174501019712654
AU3CB0237725,2018-01-02,2020-09-09,65.06162325,61.758375,-0.0507710703329246
AU3CB0237881,2018-11-22,2020-05-27,64.688170985,67.8925464,0.0495357244795657
BMG375851091,2018-01-02,2021-06-08,18.482166,4.748379,-0.7430831970668373
GB00B15KXV33,2018-01-02,2022-11-29,7.14727005,8.59186575,0.2021185277587209
GB00B15KY989,2018-01-02,2021-12-15,7.440736875,8.695296,0.1686068390907857
GRF000030004,2018-01-02,2022-11-29,9.814862676,11.55628296,0.1774268618406903
IE00B19Z9Z06,2018-01-02,2022-10-10,162.0602898,194.0726746,0.1975337995477286
IE00B5BMR087,2018-01-02,2022-11-29,215.4171375,394.092486,0.8294388764682198
IE00B7N3YW49,2018-01-02,2022-11-29,84.8681082,86.636358,0.0208352682474428
IE00BQQPSF11,2018-01-02,2019-04-26,91.7947578,97.1190272,0.0580018895153074
LU0006061419,2018-01-02,2022-11-29,126.7277166,154.43261874,0.2186175438436016
LU0006277684,2018-01-02,2022-11-29,1454.4798618,1776.601134,0.2214683617560417
LU0012186622,2018-01-02,2022-11-29,173.69547932100002,214.67886354,0.2359496308091021
LU0033043885,2018-01-02,2022-11-29,2801.0721609,3344.561658,0.1940290952466478
LU0047713382,2018-01-02,2022-11-29,30.5621763,33.222041999999995,0.0870312923363377
LU0049785792,2018-01-02,2022-11-29,2692.5935019,3293.44785,0.2231507829444042
LU0053903380,2018-01-02,2022-11-29,4.76456919,4.829423579999999,0.0136118056877246
LU0055631609,2018-01-02,2022-11-29,25.608622800000003,29.62629,0.1568872809513207
LU0072462426,2018-01-02,2022-11-29,47.6540172,63.534618,0.3332478924777826
LU0101692753,2018-01-02,2022-11-29,256.3859388,273.750786,0.0677293274400116
LU0106258311,2018-01-02,2022-11-29,9.360218043,10.98028602,0.1730801536414593
LU0128497889,2018-01-02,2022-11-29,109.47436488,134.33004522,0.2270456683374731
LU0162302276,2018-01-02,2019-06-06,9.5824203,10.4461515,0.0901370606755788
LU0167238863,2018-01-02,2022-11-29,99.261636117,122.3415954,0.232516410023663
LU0172412149,2018-01-02,2018-03-06,17.058539699999997,16.520028,-0.0315684524860001
LU0184696937,2018-01-02,2022-11-29,62.7561114,72.089028,0.1487172546513134
LU0201322137,2018-01-02,2019-04-18,121.158507165,129.29744593799998,0.067175957870758
LU0205194797,2018-01-02,2022-11-29,16.703215896,15.66288306,-0.0622833855754168
LU0214787094,2018-01-02,2019-06-06,45.7641741,46.9408905,0.0257126108608175
LU0280673723,2018-01-02,2019-06-06,51.9914985,50.76135,-0.0236605701987989
LU0308882355,2018-01-02,2022-11-29,4.250731674,3.46390776,-0.185103171487554
LU0456865749,2018-01-02,2022-11-29,9.8904564,11.69586,0.1825399685296626
LU0482498762,2018-01-02,2022-11-29,19.6393827,25.073604000000003,0.2767002091160433
LU0494093205,2018-01-02,2022-11-29,30.0376824,47.257074,0.5732596600062594
LU0503635624,2018-01-02,2019-11-18,112.225044,128.19424320000002,0.1422962168765112
LU0545039389,2018-01-02,2022-11-29,14.5526244,19.04202,0.3084938823817924
LU0551246555,2018-01-02,2022-11-29,8.9829987,10.468278,0.1653433724753851
LU0736302315,2018-01-02,2022-11-29,137.1759681,165.665574,0.2076865670758841
LU0823417653,2018-01-02,2022-11-29,460.3557888,651.68172,0.4156044864749618
LU0825403933,2018-01-02,2022-11-29,8.9163963,9.492012,0.0645569892401485
LU0830747522,2018-01-02,2019-06-06,54.7388475,50.2715475,-0.0816111446263095
LU1003076772,2018-01-02,2018-06-06,16.7921301,16.8681862,0.0045292705301276
LU1093756168,2018-01-02,2022-11-29,9.3076854,10.999908,0.1818091745988749
LU1279333832,2018-01-02,2022-11-29,131.789499,205.50882600000003,0.5593717827245099
MHY1771G1109,2018-01-02,2022-11-29,20.8798524,22.686102,0.0865068184102681
MHY1771G1281,2018-01-02,2022-11-29,21.3294186,24.4023003,0.1440677665728779
MHY1771G1364,2018-01-02,2022-11-29,21.8039607,24.271326,0.1131613349495716
MHY8162K2046,2018-01-02,2022-11-29,9.8488299,18.46206,0.8745434927249582
US00206R1023,2018-01-02,2022-11-29,32.0857062,18.375066,-0.427313025760985
US02079K3059,2018-01-02,2022-11-29,44.673976065000005,92.010654,1.0596029748085507
US0231351067,2018-01-02,2022-11-29,49.494324765,89.333172,0.8049174814315704
US0378331005,2018-01-02,2022-11-29,35.85290445,136.45492199999998,2.805965627981361
US037833AK68,2018-01-02,2022-11-29,82.24730376,95.7122573994,0.163713009713864
US0556221044,2018-01-02,2022-11-29,35.282621400000004,34.130646000000006,-0.0326499379663439
US0970231058,2018-01-02,2022-11-29,247.1282052,169.464312,-0.3142655980410931
US1266501006,2018-01-02,2022-11-29,61.2076056,97.510608,0.5931126049472519
US13057Q2066,2018-01-02,2020-03-12,16.642274699999998,2.6017814,-0.8436643159122953
US1491231015,2018-01-02,2022-11-29,130.7405112,227.266992,0.7383058236045815
US17275R1023,2018-01-02,2022-11-29,32.3521158,46.667448,0.4424851928849735
US1729674242,2018-01-02,2022-11-29,61.9069308,45.981162,-0.2572534059465923
US22539T2179,2018-01-02,2019-12-20,66.0446049,7.909440000000001,-0.8802409369853009
US2546871060,2018-01-02,2022-11-29,93.076854,91.527354,-0.0166475330161029
US26922V1017,2018-01-02,2018-09-28,74.9693265,66.48223647,-0.1132075000033512
US298785GS94,2018-01-02,2022-11-29,79.51910295,91.6536973194,0.1525997391724851
US30231G1022,2018-01-02,2022-11-29,70.7900259,106.847964,0.5093646688438349
US30303M1027,2018-01-02,2022-11-29,151.03759259999998,105.804036,-0.2994854183077067
US38141G1040,2018-01-02,2022-11-29,212.8529451,370.894086,0.7424898012369574
US42824CAW91,2018-01-02,2020-09-30,87.64792587,97.731906972,0.1150509952392557
US4592001014,2018-01-02,2022-11-29,128.4177525,141.597234,0.1026297473941539
US4642864007,2018-01-02,2022-11-29,34.6998504,29.568294,-0.1478841073043934
US4642871762,2018-01-02,2022-11-29,94.741914,103.194216,0.0892139671149139
US4642876555,2018-01-02,2022-11-29,128.12636700000002,176.278842,0.3758201853955632
US4642876894,2018-01-02,2020-03-10,132.6803061,146.903484,0.1071988625748278
US4642882579,2018-01-02,2020-04-22,60.58320809999999,61.0603819,0.007876337601871
US46625H1005,2018-01-02,2022-11-29,89.8716135,131.998896,0.4687495957775366
US47215P1066,2018-01-02,2022-11-29,36.0318984,51.47145,0.4284967566404992
US4781601046,2018-01-02,2022-11-29,115.9131519,170.208594,0.4684148537936531
US5949181045,2018-01-02,2022-11-29,71.5559535,232.302978,2.2464521348318
US594918BB90,2018-01-02,2022-11-29,82.80260127,93.3406018398,0.1272665400382536
US5951121038,2018-01-02,2022-11-29,36.3565851,53.278992,0.4654564462931368
US64110L1061,2018-01-02,2022-11-29,167.3968071,271.575936,0.6223483631785474
US71654V4086,2018-01-02,2022-11-29,8.908071,10.767924,0.2087829115865827
US7170811035,2018-01-02,2022-11-29,30.3373932,47.837034,0.5768340306839548
US72201R7750,2018-01-02,2022-03-09,88.1899029,95.2723314,0.0803088365799753
US73935A1043,2018-01-02,2018-06-01,131.9476797,147.727248,0.1195895853256144
US78462F1030,2018-01-02,2022-11-29,223.7590881,382.0293180000001,0.7073242532578952
US78467X1090,2018-01-02,2022-11-29,206.4840906,327.17476800000003,0.5845035181611228
US78468R6633,2018-01-02,2022-11-29,76.1015673,88.608222,0.164341617968228
US81369Y5069,2018-01-02,2022-11-29,61.1493285,87.67062,0.4337135362001562
US90184L1026,2018-01-02,2022-10-27,20.4053103,53.210793,1.6076934002812002
US92189F1066,2018-01-02,2022-11-29,19.8308646,27.20979,0.3720929747057019
US9219378356,2018-01-02,2022-03-09,67.7179902,74.1955188,0.095654472037181
US9229085538,2018-01-02,2022-11-29,68.8252551,83.233926,0.2093515073654988
US92826C8394,2018-01-02,2022-11-29,95.3330103,202.077396,1.119700147557388
US9497461015,2018-01-02,2022-11-29,50.8592577,45.981162,-0.0959136236076053
US9581021055,2018-01-02,2022-11-29,67.7512914,34.826598000000004,-0.4859640712324488
XS0070553820,2018-01-02,2022-11-29,64.86324483,81.6939069822,0.2594791888119607
XS0210976329,2018-01-01,2022-11-29,85.83378857000001,92.0557429902,0.0724884049027592
XS0809571739,2018-01-02,2021-07-12,81.62457132,86.02795993575,0.0539468513529707
XS1028955844,2018-01-02,2022-11-29,87.90601017,95.3956910664,0.0852010105101554
LU0164852419,2018-01-03,2022-11-29,100.71328025,83.7771552,-0.1681617856945931
LU0164858028,2018-01-03,2019-04-12,162.40042345,156.89890720000002,-0.0338762432580343
LU0265268689,2018-01-03,2018-11-02,78.203143,82.7042114,0.0575561061529203
LU0447610683,2018-01-03,2022-07-01,12.031297404999998,14.640935722999998,0.2169041484183974
LU0738912566,2018-01-26,2022-11-29,4.2849045,4.040388,-0.0570646323622847
US91831AAC53,2018-02-05,2018-10-02,70.45423654,83.10232562799999,0.1795220516060678
LU0954603725,2018-03-08,2018-11-14,116.950545,129.2878592,0.1054917204532908
US87264AAU97,2018-03-14,2021-08-23,78.5678798,87.41148,0.1125599955415876
LU1514167136,2018-03-16,2022-11-29,83.5285308,81.30884544,-0.0265739782412167
LU0033041590,2018-03-22,2022-11-29,1225.2604217,1462.65912,0.1937536658293579
LU0784384876,2018-03-23,2022-11-29,7.7647152,7.703802,-0.007844872404335
US46429B2676,2018-04-06,2022-11-29,20.1361474,22.067478,0.0959136105648493
IE00BCRY6003,2018-04-27,2018-10-04,77.50039149999999,81.559296,0.0523726967237321
US00206REJ77,2018-04-30,2018-04-30,83.26192193,83.26192193,0.0
US46090E1038,2018-06-05,2022-11-29,149.4287544,271.198962,0.8149047891682084
US3814305450,2018-06-19,2018-07-19,49.068215300000006,49.0397859,-0.0005793852461556
US298785HP47,2018-06-20,2022-11-29,84.37027716,96.0852035772,0.1388513444726961
LU1775951525,2018-09-10,2022-11-29,7.257098300000001,9.85932,0.3585760578715048
US62914V1061,2018-09-14,2022-11-29,8.46747,10.1493,0.1986224929052006
US97717W8516,2018-09-27,2020-11-04,49.3508366,42.0669064,-0.1475948677230732
US5007674055,2018-09-28,2018-10-24,24.859549,22.600588,-0.0908689453698457
US0032601066,2018-10-02,2021-03-15,68.0281624,95.0711202,0.3975259193536587
XS1717575259,2018-10-11,2021-01-15,83.48217515,85.48052272416001,0.0239374162277084
LU1681040900,2018-11-02,2020-07-22,93.120680108,96.0755646,0.0317317752466259
US03512TAC53,2018-11-16,2019-07-10,88.952043273,93.5587686,0.0517888646229478
US037833CM07,2018-11-16,2019-07-10,86.23510980399999,90.0836496,0.0446284559125301
US136069TY74,2018-11-16,2020-07-08,85.263887105,92.3985315526,0.083677213059896
US172967GL98,2018-11-16,2020-02-06,86.80438635099999,94.6353424038,0.0902138288396504
US25243YAU38,2018-11-16,2021-08-11,84.924016556,88.221559973,0.0388293388693592
US25271CAP77,2018-11-16,2019-07-10,82.193573034,85.887633,0.0449434162507076
US294829AA48,2018-11-16,2019-07-10,86.969509221,92.3498376,0.0618645365162167
US30231GAC69,2018-11-16,2021-11-03,87.05683891,90.7676572248,0.0426252361245999
US38141GWC40,2018-11-16,2020-05-12,85.63828334499999,93.71958596448,0.0943655372787413
US40428HPR74,2018-11-16,2020-03-04,87.24315402,89.44,0.0251807262664572
US42824CAG42,2018-11-16,2019-07-10,88.508860554,90.3227592,0.0204939780565056
US478160BS27,2018-11-16,2020-12-15,85.66539175199999,82.45782229296,-0.0374430022841178
US500769GK42,2018-11-16,2019-10-09,85.34300480099999,95.95044748,0.1242918819619028
US61166WAW10,2018-11-16,2019-07-10,80.949588546,82.537422,0.0196150898666731
US65504LAP22,2018-11-16,2019-07-10,78.582327037,69.729891,-0.1126517420746765
US71647NAA72,2018-11-16,2019-08-08,74.219816132,91.173288038,0.2284224455076556
US71647NAV10,2018-11-16,2022-05-04,84.144230425,98.1761634318,0.1667604889358045
US71647NAY58,2018-11-16,2019-11-01,83.646565989,101.028733252,0.2078049117436076
US822582BX94,2018-11-16,2022-06-17,80.064371021,89.4264947793,0.1169324587068125
US86562MAM29,2018-11-16,2020-05-12,86.28623608299999,94.56474506752,0.0959424047255553
US89114QBL14,2018-11-16,2020-01-15,84.875539307,89.8936174104,0.0591227831289449
US89236TDP75,2018-11-16,2019-07-10,86.38292567799999,90.0113814,0.0420043161715244
US89236TDR32,2018-11-16,2019-07-10,84.24498186599999,92.9931138,0.1038415789312506
US931422AH23,2018-11-16,2021-08-11,85.932060772,87.76922345599999,0.0213792462032821
US949746SH57,2018-11-16,2020-06-18,81.11418161,96.81137140325,0.1935196716737237
US94974BGH78,2018-11-16,2019-09-03,82.82280596,94.87496646,0.1455174134745047
USC10602AR84,2018-11-16,2020-01-21,80.886629933,88.64397445495001,0.0959039154972284
USF12033AZ33,2018-11-16,2021-08-11,86.27449204999999,87.236888334,0.0111550501328046
USL34664AA71,2018-11-16,2022-11-29,78.46674102799999,88.6663542906,0.1299864519537059
XS0830192711,2018-11-16,2022-05-12,86.301777059,76.274660915,-0.1161866706075471
XS0858461758,2018-11-16,2019-07-10,87.862585535,92.0866386,0.0480756745237978
XS1085735899,2018-11-16,2022-11-29,91.871186032,96.8147342946,0.05380956180187
XS1405888576,2018-11-16,2021-05-05,89.77297767,83.229,-0.0728947378135909
XS1551001768,2018-11-16,2020-07-10,86.949641496,91.0865069514,0.0475777172191136
US002824BA72,2018-11-19,2020-03-10,85.01395375199999,90.1692637254,0.060640750675341
US191216CE82,2018-11-19,2020-03-04,82.394880624,98.4236827392,0.1945363837390054
US912810RK60,2018-11-19,2019-07-10,74.95123105764,88.55085,0.1814462384467232
US912828G385,2018-11-19,2022-11-29,84.32978638728,92.6369054406,0.0985075310776907
US912828U733,2018-12-31,2019-12-13,86.39887283572,89.397,0.0347009985880335
USC96729AC96,2019-02-01,2019-12-20,82.65010402,93.3121208292,0.1290018559035323
LU1737068558,2019-02-20,2022-11-29,98.5068984,109.58692176,0.1124796693426295
IE00BP46NG52,2019-02-25,2022-11-29,26.2205684,25.431246,-0.0301031765581405
US9128286C90,2019-02-26,2022-02-14,88.1211984375,87.98899999999999,-0.0015001888290678
US219868BZ88,2019-03-18,2020-06-29,86.61128322,93.320270356,0.0774608906204356
US71647NAZ24,2019-03-20,2019-12-20,87.92532984,101.2120704,0.1511139120453483
US298785GQ39,2019-03-21,2022-11-29,87.61438125,93.1849405758,0.0635804219161794
US298785HV15,2019-03-21,2019-10-09,88.1805386,95.8280034,0.0867250860724499
IE00BP3QZ601,2019-04-08,2022-11-29,32.782014000000004,50.32248479999999,0.5350638554421941
IE00B4L5Y983,2018-01-02,2022-11-29,45.04142325,72.482685516,0.6092450079494325
US298785HM16,2019-05-17,2022-11-29,89.48089054,106.62058591344,0.1915458738732395
US298785HA77,2019-05-20,2021-03-15,89.11608063000001,83.682,-0.0609775541247342
US459058FT50,2019-05-20,2021-01-27,86.38888728,88.07688743342399,0.0195395519790978
US88166JAA16,2019-06-10,2020-10-01,85.30712322000001,85.35523486880001,0.0005639816111947
IE00B53SZB19,2019-07-25,2022-11-29,399.599684211,632.31965874,0.582382778876565
IE00B1XNHC34,2019-10-29,2022-11-29,5.668092367000001,11.38229496,1.00813505197418
US92766K1060,2019-10-30,2022-11-29,9.545817,4.746006,-0.5028182501298736
IE00BYPC1H27,2019-12-09,2022-05-25,4.4894204,5.03878086,0.1223677916196041
US22539T1833,2019-12-24,2022-11-29,68.32611999999999,5.3163,-0.922192274345448
US912828P873,2019-12-27,2021-02-26,89.58836953125,82.234,-0.0820906728153442
LU0006061385,2020-02-03,2022-11-29,28.3774431,27.045468,-0.0469378123781702
LU0083284397,2020-02-11,2022-11-29,10.87703078,9.42212682,-0.133759294188556
US60770K1079,2020-03-04,2022-11-29,24.587056,167.36679,5.807109806070317
US26924G7714,2020-09-24,2020-11-10,15.6366002,18.981475,0.2139131753205533
US74347X8496,2020-11-05,2020-12-17,13.189652,13.000442,-0.014345336783715
IE00BP3QZB59,2020-11-17,2022-11-29,25.2372753,33.101217,0.3116002661349102
US92556V1061,2020-11-18,2022-11-29,13.646712900000002,10.806588,-0.2081178757706555
LU0820561818,2020-12-03,2022-11-29,8.0151195,7.549145999999999,-0.0581368125578167
US00214Q1040,2021-01-27,2022-11-29,113.74666609999998,33.63768,-0.7042754644744703
US298785JH03,2021-01-29,2022-11-29,79.44530304,76.4479367982,-0.0377286778085653
US459058JG93,2021-01-29,2022-11-29,79.2613102,76.1123777418,-0.0397284936402678
LU0172417379,2021-02-04,2022-11-29,15.129888,14.479668,-0.0429758634036153
IE00BFNM3J75,2021-03-23,2022-06-14,5.9649551800000005,6.21498622,0.0419166670083847
LU0012182399,2021-06-09,2022-11-29,404.12871,447.168492,0.1065001840626467
LU0039703375,2021-06-09,2022-11-29,887.0721299999999,923.576634,0.0411516750052784
LU0172069584,2021-06-09,2022-11-29,17.64582,17.427798000000003,-0.012355447352404
LU0175074516,2021-06-09,2022-11-29,112.701585,126.547272,0.1228526377867712
US4642863504,2021-06-24,2022-08-01,33.33564,41.015852,0.2303904169831449
IE00BKPSFD61,2021-06-25,2022-05-16,4.63977228,5.285832448,0.1392439389288303
US3696043013,2021-08-05,2022-11-29,87.02923559999999,82.798956,-0.0486075692936453
XS2373771174,2021-08-12,2022-08-08,87.298012237044,98.32,0.1262570301489513
US91282CDR97,2022-01-04,2022-11-29,88.45726341114,92.5897082958,0.0467168520175988
US91282CFE66,2022-09-30,2022-11-29,98.75726316,93.865921875,-0.0495289270731952
CA037833CY47,2018-11-16,2021-01-19,64.454926375,69.1476785595,0.0728067263190632
CA580135CD12,2018-03-06,2021-06-11,62.4456075,72.51691358416001,0.1612812571990753
LU1467572357,2018-01-02,2018-03-05,67.064473,63.689967,-0.0503173416422731
GB00BH4HKS39,2018-01-02,2022-11-29,2.6295486,1.06180816,-0.5962013556243075
LU0167236651,2018-01-02,2020-08-07,146.00742929999998,145.1349606,-0.0059755089462422
XS1683407453,2019-02-08,2021-07-06,112.3182676,117.33060455184,0.0446261953548863
IE00B4K48X80,2019-04-25,2022-04-11,51.86647305,65.0885018,0.254924385108156
GB00BN7CG237,2020-12-17,2022-11-29,18.660963100000004,1.444609425,-0.922586555835374
LU0106244287,2018-01-03,2018-08-30,40.73635887,41.489330166,0.0184840107679463
LU0546265769,2018-01-03,2018-03-05,151.49064080000002,144.611459,-0.0454099458796402
LU0309035870,2022-04-20,2022-11-29,71.05251615,69.02978598,-0.0284681004924552
NO0010757925,2018-01-01,2022-11-29,10.15260912,9.113326893228,-0.1023660237962553
NO0010844079,2019-11-04,2020-05-11,10.146882244,10.176509873161,0.0029198751348986
